R1,R2,R3,R4,R5,R6,R7,R8,Confidence
0,0,0,1,0,0,0,0,0.25
0,0,0,0,0,0,0,1,0.25
0,0,0,0,0,0,1,0,0.25
0,0,0,0,0,1,0,0,0.25
0,0,0,0,1,0,0,0,0.25
0,0,0,1,0,0,0,1,0.17540717562138675
0,0,0,0,1,0,0,1,0.3350425695246498
0,0,0,0,1,1,0,0,0.3693275412383217
0,0,0,0,0,1,1,0,0.3693275412383217
0,0,0,0,0,0,1,1,0.3693275412383217
0,0,0,1,1,0,0,0,0.21495330837146745
0,0,0,0,0,0,0,2,0.38490023372138094
1,0,0,0,0,0,0,0,0.25
0,1,0,0,0,0,0,0,0.25
0,0,1,0,0,0,0,0,0.25
0,0,0,1,0,0,1,0,0.1786045724848046
0,0,0,0,0,1,0,1,0.3527458636622648
0,0,0,0,1,0,1,0,0.3527458636622648
0,0,0,0,0,0,2,1,0.461820482329508
0,0,0,0,0,1,1,1,0.438872590787056
0,0,0,0,0,2,0,0,0.38490023372138094
0,0,0,0,0,0,1,2,0.461820482329508
0,0,0,0,0,0,0,3,0.47247041266788625
0,0,0,1,1,1,0,0,0.3093224314488423
0,0,0,0,1,0,1,1,0.4264782731820049
0,0,0,0,1,1,0,1,0.41339628453274335
0,0,0,0,0,0,2,0,0.38490023372138094
0,0,0,0,0,2,0,1,0.45063627434468934
1,0,0,1,0,1,0,0,0.1924501995251061
0,0,0,0,2,0,0,1,0.438872590787056
0,1,0,0,0,0,1,1,0.26151978977212126
1,0,0,0,0,4,3,1,0.5720179822927759
0,0,0,1,1,3,2,2,0.6105194947884474
0,0,0,0,2,3,1,1,0.6290295575493424
0,1,2,1,4,1,1,1,0.49942493505906466
0,0,0,0,0,0,0,5,0.5823559651290149
0,0,0,0,0,3,0,0,0.47247041266788625
0,0,0,0,1,4,1,3,0.672057491212211
0,0,0,0,1,2,2,1,0.5938940752136669
0,0,2,0,0,1,2,3,0.45653450556992736
0,0,0,2,0,0,0,0,0.38490023372138144
1,1,0,0,2,1,4,3,0.5602155390051055
0,0,0,0,0,2,3,7,0.7313142980415215
0,0,0,0,2,0,1,0,0.45063627434468934
0,0,2,0,0,0,0,0,0.38490023372138144
0,0,1,0,2,3,6,4,0.7111948734115507
0,0,0,2,0,2,3,2,0.5305681390059613
1,0,0,0,2,1,2,1,0.4780806263960966
0,1,0,1,1,3,4,5,0.617573558418021
0,0,0,0,0,0,3,2,0.5700149603090819
0,0,0,0,0,3,3,2,0.6578046048579284
0,0,1,4,1,8,1,2,0.6106666041317712
0,0,0,0,0,1,0,2,0.45063627434468934
0,0,0,0,2,2,1,4,0.6615011862094995
0,0,0,1,0,0,1,1,0.2748528103959268
1,0,0,0,0,2,2,0,0.40207602292707434
0,0,0,0,1,1,1,1,0.4826263227019584
0,0,1,2,0,2,3,1,0.46232361432544844
0,0,0,0,2,3,1,4,0.6786836335469731
0,0,0,0,1,0,2,1,0.5104762220848129
0,0,0,0,1,0,0,2,0.438872590787056
0,0,1,0,2,0,1,2,0.43120007081257317
0,0,0,0,1,0,1,3,0.5567772977804549
0,0,0,1,3,2,1,2,0.6165778126119997
0,1,0,0,0,0,1,2,0.34401185861324207
0,1,0,0,0,1,0,3,0.40207602292707434
0,0,1,0,0,0,0,1,0.1778934080751422
2,0,0,2,1,6,0,1,0.5097072473310049
0,0,0,2,2,0,0,0,0.3254488087615559
0,1,1,1,1,1,3,0,0.4111066261834396
0,0,0,1,1,0,1,1,0.33074703404284556
0,0,0,1,1,1,0,1,0.31760294874021533
0,0,0,0,1,3,0,0,0.5271500307719389
0,0,0,1,0,8,2,2,0.7026757783099029
0,1,0,0,0,2,1,0,0.36715201879280523
0,0,0,0,1,2,0,1,0.5104762220848129
0,0,0,0,1,2,3,2,0.6540130304366454
0,0,0,1,0,1,1,0,0.2887927641412466
0,0,0,2,1,1,2,2,0.4518750171483733
0,0,0,1,2,3,0,0,0.5228561038715158
0,0,0,0,1,4,1,2,0.6540130304366455
1,0,0,0,0,0,0,1,0.1924501995251061
0,0,0,0,0,1,1,2,0.5104762220848129
0,0,0,0,1,3,1,0,0.5700149603090819
0,0,0,2,2,1,1,1,0.49303720086467073
0,0,0,2,0,3,1,1,0.4777768346224499
0,0,0,0,2,3,3,0,0.6501225412742355
0,1,0,0,1,0,0,0,0.1786045724848046
0,0,0,1,2,0,1,0,0.4208051004447774
0,1,1,0,0,0,0,0,0.369327541238322
1,1,0,0,0,0,0,0,0.369327541238322
1,0,0,0,0,0,1,0,0.18400958075642845
0,0,0,1,1,0,0,3,0.41911955200299844
0,0,0,1,0,1,0,0,0.19061232998724142
0,0,1,0,0,1,1,0,0.2748528103959268
0,0,1,0,0,1,0,0,0.1786045724848046
0,0,0,0,0,0,1,3,0.5271500307719389
0,0,0,0,1,1,1,0,0.438872590787056
0,0,0,0,0,1,3,0,0.5271500307719389
1,0,0,0,0,0,2,1,0.34401185861324207
0,0,0,0,1,0,2,0,0.45063627434468934
0,0,0,1,1,0,0,1,0.24349673810601685
0,0,0,0,0,2,0,2,0.5015981457800032
0,0,0,1,0,1,0,1,0.2594574943583451
1,0,0,0,0,1,0,1,0.24808225144134943
0,0,0,0,1,2,0,0,0.461820482329508
0,1,0,0,0,1,0,0,0.17540717562138675
0,0,1,0,1,0,0,0,0.19061232998724142
0,0,0,0,2,0,0,0,0.38490023372138094
0,0,1,0,0,0,1,0,0.17540717562138675
0,0,0,0,0,0,3,0,0.47247041266788625
1,0,0,2,0,0,0,0,0.438872590787056
0,0,0,1,0,2,0,0,0.3254488087615559
0,1,0,0,1,0,1,0,0.2519752083695572
1,0,0,0,0,1,0,0,0.1778934080751422
0,0,0,1,1,0,1,0,0.272378098425696
0,0,1,2,0,0,0,1,0.3671520187928035
1,0,0,0,2,1,0,0,0.36715201879280523
1,0,0,0,2,0,0,0,0.2896715009185971
1,1,0,0,1,0,0,0,0.1924501995251061
2,0,1,0,0,0,1,0,0.33322661571659035
0,0,0,0,0,0,2,2,0.5189853815227674
0,2,0,0,0,0,0,1,0.2742573807341935
0,3,0,0,0,0,0,1,0.3544656222666652
0,0,1,1,0,1,1,0,0.2598541067256296
0,1,0,0,1,0,0,1,0.2353824751241525
1,1,0,0,0,1,1,0,0.27077656250992416
0,0,0,0,0,1,2,1,0.5189853815227674
0,0,0,1,0,2,1,0,0.4063860166560229
1,1,0,0,0,1,0,0,0.21321822468340887
0,2,0,0,0,1,0,0,0.28967150091859767
0,1,1,0,0,1,0,0,0.1924501995251061
1,0,1,0,0,0,0,0,0.3527458636622647
2,0,0,0,0,0,0,0,0.38490023372138144
1,0,0,0,1,1,0,0,0.26618521837376974
0,2,0,0,0,0,0,0,0.38490023372138144
0,0,1,1,0,1,0,0,0.1778934080751422
0,0,2,0,0,0,1,0,0.28967150091859767
0,0,1,0,1,1,0,0,0.2887927641412466
0,1,0,0,2,0,0,0,0.30444642197766725
0,0,0,1,0,0,2,0,0.30444642197766725
0,1,0,0,0,0,0,2,0.2742573807341936
0,1,0,0,0,0,0,1,0.18400958075642845
0,1,0,1,0,0,0,0,0.3527458636622647
0,0,0,1,0,0,0,3,0.37835607128818827
0,0,1,1,0,0,0,0,0.369327541238322
1,0,0,0,1,0,0,0,0.17540717562138675
0,0,0,2,0,0,1,0,0.30444642197766747
0,1,0,0,0,1,1,0,0.26618521837376974
0,0,0,0,0,2,1,0,0.461820482329508
0,0,1,0,0,0,3,1,0.43735395365237295
0,0,0,1,0,4,1,2,0.5873378382102926
0,0,1,0,0,2,1,0,0.3845108757143231
1,0,0,0,0,0,1,2,0.33693054676641654
1,0,0,1,1,0,1,0,0.25319504729815057
0,1,0,0,1,1,1,4,0.5199331049624815
0,0,0,0,1,1,1,2,0.5425321466223583
1,0,1,0,1,2,0,1,0.37724539040922317
1,1,1,0,0,2,2,1,0.4053968836391938
0,0,0,2,1,3,1,2,0.5472489131413865
0,0,0,1,2,0,0,5,0.5472489131413866
0,0,0,0,2,1,1,3,0.6098698681637966
0,0,0,1,0,3,1,0,0.4764120552253457
0,0,1,0,4,2,1,2,0.6270264406395496
0,0,0,1,0,3,2,0,0.5228561038715158
0,1,1,1,0,0,1,0,0.24808225144134932
0,0,0,2,0,3,0,0,0.37835607128818827
0,0,0,0,3,0,0,0,0.47247041266788625
0,0,1,1,1,0,2,5,0.5303981741087744
0,2,0,4,1,3,0,0,0.4799919401434083
0,0,0,0,0,3,2,0,0.5700149603090819
0,0,1,1,0,2,2,1,0.43993821826470103
0,0,0,1,0,2,1,3,0.5121640056641112
0,0,0,1,2,1,2,2,0.5245298386984363
0,0,0,0,3,1,0,0,0.5271500307719389
2,0,0,0,0,1,0,3,0.3700503839334886
0,1,0,3,2,2,1,1,0.3703432798380066
0,1,0,0,2,2,1,1,0.5121640056641112
1,0,1,2,0,2,0,0,0.2830011819863745
0,1,0,0,0,2,0,0,0.2896715009185971
0,0,0,0,0,2,2,2,0.5882200265716817
0,0,0,1,1,2,0,3,0.49904215190835044
0,1,0,1,0,2,0,4,0.45653450556992736
2,0,0,1,0,0,2,0,0.29932379402408604
1,0,0,0,0,1,5,0,0.5087482088313597
0,0,2,0,0,0,1,2,0.32749921147671907
0,0,0,0,0,2,2,4,0.6540130304366454
0,2,0,1,0,2,0,1,0.3189108823929385
0,0,0,2,0,2,1,2,0.4169711216133429
1,1,0,0,0,1,0,3,0.37034327983800625
0,0,0,4,1,2,0,1,0.39564453382379955
0,2,1,0,2,0,2,0,0.35723874129492106
0,0,1,1,1,0,1,0,0.24808225144134943
0,0,0,2,2,0,2,2,0.4452457700175768
0,0,1,0,1,1,1,0,0.34337107494846897
0,0,1,0,0,1,0,3,0.41379262038782627
1,0,0,1,0,0,0,0,0.3350425695246499
1,1,0,0,0,0,0,1,0.2598541067256297
0,1,1,0,0,0,1,0,0.21321822468340887
0,1,0,0,0,0,1,0,0.1778934080751422
0,1,0,1,0,0,1,0,0.20237228691824838
0,1,0,2,0,0,0,0,0.45063627434468884
0,0,0,1,0,1,1,1,0.34337107494846897
0,0,0,1,2,1,1,0,0.4830800180545257
1,0,0,0,0,2,0,2,0.3752305136041061
0,0,0,0,0,1,3,2,0.6047102825445507
0,0,1,1,1,0,0,1,0.24391318330375944
0,0,0,1,0,2,0,1,0.39450402420207353
0,0,0,0,2,0,2,0,0.5015981457800032
1,0,0,0,1,1,0,1,0.29430586815887866
0,0,0,2,0,1,0,2,0.32239215863898607
0,0,0,0,0,1,2,2,0.5567772977804549
0,0,0,0,2,1,2,1,0.5882200265716816
0,0,0,0,0,2,1,2,0.5497881304303012
1,0,1,0,0,2,0,2,0.3571762016493351
0,0,0,1,0,1,2,0,0.3845108757143231
0,0,0,0,0,1,2,0,0.461820482329508
0,1,0,0,2,0,1,0,0.3726257570900393
0,0,0,2,1,0,0,0,0.3527920554272643
0,0,1,0,0,2,0,0,0.30444642197766725
0,1,1,0,1,0,1,1,0.30281719943470997
0,0,1,0,0,0,1,1,0.26618521837376974
0,1,0,0,0,2,1,1,0.4191195520029985
0,0,1,0,1,1,0,1,0.30633027713057004
0,0,0,0,0,2,2,0,0.5189853815227674
0,0,0,0,0,0,3,1,0.5271500307719389
0,0,0,0,2,2,0,1,0.5567772977804549
0,0,1,0,0,1,1,1,0.3309365235502149
1,0,0,0,0,1,1,1,0.31614967886998635
0,0,0,1,0,0,2,2,0.42840012054269355
0,0,2,0,0,2,1,1,0.3931413150793153
0,0,0,1,1,2,0,0,0.4063860166560229
0,0,0,0,1,1,3,0,0.5635146103921757
0,0,0,1,0,0,1,2,0.36715201879280523
0,1,0,1,0,1,1,0,0.2604363800164162
1,0,0,0,0,3,0,0,0.3647492034585932
0,0,0,2,0,1,0,0,0.32544880876155563
0,0,1,1,0,1,0,1,0.25319504729815057
0,0,0,0,1,1,2,1,0.5567772977804549
0,0,0,0,2,2,0,0,0.5189853815227674
0,0,0,0,1,1,2,0,0.5104762220848129
0,0,0,1,1,1,1,0,0.36020579992192003
0,0,0,0,2,1,0,1,0.5015981457800032
0,0,1,0,0,0,1,2,0.35387402628080933
1,0,0,0,0,2,0,1,0.34260787758108013
0,0,0,0,1,0,0,3,0.5104762220848127
0,0,0,0,1,0,1,5,0.6334831096612124
0,0,1,2,0,4,0,0,0.4094247489680173
0,0,1,0,0,2,1,1,0.43699548101452923
0,0,0,0,2,1,1,1,0.5425321466223583
0,0,0,0,3,1,2,1,0.6148745145748439
0,0,0,0,0,2,3,0,0.5700149603090819
0,0,0,0,0,2,1,4,0.6290295575493424
0,0,2,1,0,2,0,1,0.32239215863898607
0,0,0,0,0,2,1,1,0.5104762220848129
0,0,0,0,2,1,1,2,0.5700149603090819
0,0,0,1,0,2,1,1,0.4584465154904116
0,0,0,1,0,0,0,2,0.2896715009185971
0,0,1,0,2,0,0,0,0.3254488087615559
0,0,1,0,1,0,0,1,0.23740783573705904
0,0,0,0,1,2,1,0,0.5189853815227674
0,0,1,0,0,0,0,3,0.3647492034585932
0,0,1,0,1,0,1,0,0.2594574943583451
0,1,0,1,0,1,0,0,0.18400958075642845
0,0,0,0,2,0,1,1,0.49232471715042736
1,0,0,0,0,0,1,1,0.2598541067256296
1,1,0,0,0,0,1,0,0.2362942723281439
1,0,0,0,0,1,1,0,0.26151978977212126
0,1,0,0,0,1,2,0,0.35387402628080933
0,0,1,0,0,0,0,2,0.2799943897165089
0,0,0,1,0,1,1,2,0.4191195520029985
0,0,0,0,1,2,1,3,0.6148745145748439
0,0,0,1,2,1,0,0,0.4324195229319838
0,0,1,1,0,2,0,0,0.2799943897165088
1,0,0,1,0,0,1,4,0.4272460921705182
0,0,0,0,0,3,1,2,0.5938940752136668
1,0,3,6,3,7,2,6,0.6222084710993316
0,0,1,1,0,4,4,7,0.6619275202698496
1,0,2,0,0,3,6,1,0.5573234438021106
0,1,1,3,5,3,5,8,0.6499127859087095
0,0,0,0,2,2,3,6,0.7334404190562926
1,0,0,0,0,2,0,0,0.2799943897165089
1,1,0,1,0,3,0,2,0.4080000230749763
0,0,1,0,1,0,1,2,0.3951806591939833
0,0,1,8,1,7,2,0,0.5218081972915998
0,0,1,0,2,3,3,7,0.6919486326367977
0,0,3,4,3,4,3,2,0.5692752352766367
0,0,0,2,2,5,2,1,0.6353967967819357
0,0,0,0,2,11,2,7,0.8142621600132216
2,1,1,0,2,2,5,6,0.5870475304768016
1,1,0,0,1,7,4,5,0.6842661202278555
0,0,0,1,2,4,2,4,0.6480382227254252
0,0,0,2,0,7,3,2,0.6731790781166762
0,0,1,1,0,3,1,2,0.49727379627298857
0,1,0,0,0,4,2,2,0.5816259160686407
1,0,0,1,3,4,2,3,0.6286007072147509
1,0,1,0,1,2,2,5,0.5504851353539
0,0,2,2,2,6,1,1,0.5776211222560099
1,2,0,0,2,1,6,5,0.6097297345032888
0,0,1,1,1,5,2,4,0.6501540342528621
0,0,1,1,2,3,3,4,0.5985223480975509
0,2,0,2,2,2,1,1,0.44098405083506087
0,0,0,1,1,4,4,4,0.6705859586157603
0,1,0,2,2,9,6,3,0.7276420873236376
0,0,0,1,1,5,4,9,0.7479746030498814
0,1,0,2,4,3,2,3,0.6353009562769487
1,1,0,3,5,8,1,3,0.65445327244479
0,0,1,3,0,3,2,3,0.4794477681116577
0,0,0,1,1,2,1,4,0.5724201717856043
1,0,1,0,0,0,2,0,0.2749521551195618
0,2,1,0,1,1,2,3,0.4532967985146862
0,1,0,1,0,0,0,1,0.22461138406780376
0,0,2,0,1,1,0,0,0.27999438971650814
0,1,0,0,1,0,1,1,0.3106414953693744
1,0,1,0,1,1,2,2,0.42938015165256005
0,0,0,1,3,5,0,0,0.6270264406395496
2,0,0,2,1,2,1,0,0.3700503839334886
0,0,1,0,0,0,2,4,0.5156858453179982
0,1,0,0,0,1,1,1,0.32210423855521186
0,0,0,0,2,1,4,5,0.7200724599546933
1,1,0,0,0,0,1,3,0.3769525380055314
0,0,0,0,1,1,2,3,0.6197314933330955
1,0,0,1,0,0,1,1,0.27077656250992416
0,0,0,0,0,1,1,3,0.5635146103921757
0,0,0,1,0,2,2,2,0.5057020066660665
0,1,0,0,0,1,0,1,0.248538509067794
0,1,0,0,1,0,1,3,0.4428680963344088
0,1,1,1,3,1,2,4,0.5213284354119418
0,0,1,0,1,3,1,0,0.5026668026782596
0,0,0,1,4,2,3,6,0.6946111681538093
1,0,0,0,1,2,1,6,0.5928858816059221
0,0,0,0,2,3,0,3,0.6290295575493424
0,0,0,0,1,4,1,1,0.6334831096612124
0,0,0,0,0,6,3,3,0.7269434068484635
0,0,0,1,0,0,2,1,0.3845108757143231
0,0,0,0,0,0,0,4,0.5349922515622305
0,0,1,0,1,2,0,0,0.3845108757143231
1,0,0,1,1,1,0,0,0.2598541067256296
2,0,0,0,0,1,0,0,0.27999438971650814
1,0,0,1,0,0,1,0,0.21321822468340887
0,1,0,1,0,2,0,0,0.2742573807341936
0,0,1,1,0,0,1,1,0.2627099161807145
0,0,0,2,1,0,1,0,0.28967150091859767
0,0,1,1,0,0,1,0,0.1924501995251061
0,1,0,0,1,1,0,1,0.298839977309857
0,2,0,0,1,0,1,0,0.2710613261461863
0,0,0,0,1,0,1,2,0.5015981457800032
1,0,0,0,0,0,3,0,0.3544656222666651
1,0,0,1,1,0,0,0,0.1778934080751422
1,1,0,2,1,0,1,0,0.39950557792200486
0,0,0,0,1,0,2,2,0.5497881304303012
0,0,0,0,0,3,0,1,0.5189853815227674
0,2,0,1,0,0,0,1,0.33322661571659035
0,1,0,0,0,0,2,0,0.2799943897165089
1,0,0,0,1,3,0,1,0.4628198692555663
0,0,0,0,0,0,3,3,0.6047102825445507
0,0,0,0,2,1,1,0,0.5104762220848129
0,0,0,0,0,1,0,3,0.5189853815227674
0,0,0,0,0,0,2,3,0.5700149603090819
0,0,1,0,0,0,2,0,0.2896715009185971
0,0,0,0,0,0,5,1,0.6148745145748439
0,0,0,2,0,0,0,1,0.28967150091859767
0,0,0,0,0,2,2,1,0.5635146103921757
0,0,0,1,0,0,1,3,0.43735395365237295
0,0,0,2,1,0,0,1,0.27999438971650814
0,0,0,0,0,3,0,3,0.5882200265716816
0,0,0,0,0,3,1,0,0.5271500307719389
0,0,0,0,1,1,3,2,0.6290295575493424
0,1,0,0,0,1,2,1,0.41379262038782627
0,0,0,2,1,3,0,0,0.43735395365237295
0,0,0,1,0,1,2,1,0.446291521616634
0,0,0,0,2,2,1,1,0.5938940752136668
0,0,0,0,0,3,0,2,0.5567772977804549
0,0,0,1,1,0,1,2,0.4094943609047923
0,0,0,0,1,0,2,3,0.5938940752136668
0,0,0,0,1,2,1,1,0.5567772977804549
1,0,0,0,0,0,2,2,0.39281449731477314
0,0,0,1,0,3,0,0,0.41773140952389143
0,0,0,0,0,5,1,0,0.6148745145748439
1,0,0,0,1,0,1,0,0.248538509067794
0,1,1,0,1,1,0,1,0.2946728024756212
0,0,1,0,0,1,0,1,0.2519752083695572
1,1,0,0,0,3,0,0,0.3380355520856748
0,0,0,3,2,3,1,1,0.5253167506042259
0,0,0,0,3,2,2,0,0.6244476596837778
0,1,2,0,0,0,1,1,0.3290640213847232
0,0,1,0,1,2,2,2,0.5156858453179982
0,0,0,1,0,1,2,2,0.47022369097568684
0,1,1,4,1,4,0,1,0.4427332868963344
0,0,0,1,0,3,0,2,0.5084751420769149
0,0,1,0,2,1,0,2,0.42264000295712334
0,0,0,0,0,6,3,2,0.7152667825618957
0,1,0,1,0,2,3,0,0.43844633134076993
0,0,0,0,0,3,5,4,0.7313142980415215
0,0,0,1,1,0,3,4,0.5816259160686407
0,0,0,1,0,4,0,2,0.5548773161010918
0,0,0,1,0,3,1,3,0.5418027563584543
0,0,1,0,0,0,2,1,0.36715201879280523
0,0,1,1,0,2,1,3,0.4570003675246049
0,0,0,2,0,3,3,2,0.5595582422349269
1,0,0,0,1,2,3,1,0.5253167506042258
0,0,0,0,1,3,0,2,0.5938940752136668
0,1,0,1,0,4,2,1,0.5305681390059613
0,1,2,1,2,3,1,0,0.4521424044152469
0,0,0,0,1,3,2,4,0.6850084997247345
2,0,0,1,0,1,1,0,0.3109624755120459
0,1,0,0,2,1,1,2,0.45755963131993105
0,0,1,1,4,3,2,2,0.6496949962011415
0,0,1,1,0,3,3,1,0.5195360702502348
1,0,0,0,0,3,0,3,0.46735118869697784
0,1,0,0,1,3,1,2,0.5472489131413865
1,1,1,2,5,1,0,1,0.48839270345600005
0,0,1,2,0,4,0,1,0.44709546736224426
0,0,0,2,3,1,2,3,0.5343309326975965
0,1,0,2,0,1,2,3,0.4399842606890625
0,1,0,0,0,4,0,5,0.5767799842957748
0,0,0,1,0,1,0,8,0.6252186493428136
1,1,0,0,0,2,1,1,0.3720789833685736
0,0,0,0,2,1,0,0,0.461820482329508
0,0,1,0,0,0,3,0,0.37835607128818827
1,1,1,2,1,1,0,0,0.47217715876530303
0,1,0,0,0,0,1,4,0.46459389261648454
1,0,1,0,0,1,0,0,0.20237228691824838
0,1,0,0,0,2,0,1,0.35549818700959723
0,0,0,0,1,1,0,2,0.49232471715042736
0,0,1,0,2,0,0,1,0.3820442449081958
0,1,0,0,1,0,0,2,0.322104238555212
0,0,1,2,0,0,1,1,0.33693054676641654
0,0,1,0,1,0,2,0,0.35549818700959723
0,1,0,0,0,0,0,3,0.3544656222666651
0,0,0,1,0,1,0,3,0.42840012054269355
0,1,0,0,0,3,0,1,0.42840012054269355
0,0,0,1,2,0,0,1,0.4086017182527998
1,0,0,0,1,0,0,1,0.2362942723281437
0,0,0,2,0,2,0,0,0.2896715009185971
0,0,2,0,3,0,0,1,0.41911955200299844
0,0,0,0,2,0,1,2,0.5349922515622305
0,0,2,0,1,0,3,2,0.4707979646307828
1,0,0,1,1,0,0,1,0.25614220138380883
0,1,0,0,1,1,3,1,0.5035833986430825
0,0,0,0,0,1,3,1,0.5700149603090819
0,1,0,1,0,1,0,1,0.2577746039672069
1,0,1,1,1,2,2,0,0.4024045936818604
0,0,0,0,0,3,1,1,0.5635146103921757
0,0,1,1,1,2,0,0,0.35387402628080933
0,0,0,0,1,1,1,3,0.5882200265716816
1,0,0,3,2,1,0,0,0.4191195520029988
0,1,1,0,2,0,0,0,0.2799943897165088
0,0,0,0,0,4,0,2,0.5993878207211714
0,0,0,1,1,1,1,1,0.38913326633719536
0,0,0,1,1,2,1,1,0.5084751420769149
0,0,0,2,1,2,0,0,0.36715201879280523
0,0,0,2,1,2,0,1,0.4191195520029985
0,1,0,1,0,0,0,2,0.2749521551195618
0,0,1,0,1,1,1,1,0.37524845897046694
0,0,1,1,1,1,1,1,0.3468250660370281
0,0,0,1,3,0,1,1,0.5241606013398452
0,1,2,2,1,0,0,0,0.5314769750352403
0,0,0,2,1,1,1,1,0.27495215511956184
0,0,0,2,0,3,0,2,0.47022369097568684
0,0,2,0,0,2,0,0,0.2742573807341936
0,1,0,1,1,1,0,0,0.26151978977212126
0,0,1,0,2,1,0,0,0.4063860166560229
2,0,0,0,0,1,2,0,0.3277088648756106
0,0,1,0,1,1,0,3,0.4475100217472178
0,0,1,2,0,1,0,0,0.40638601665601665
0,1,0,1,0,1,0,2,0.3189108823929385
0,0,0,1,1,2,0,1,0.4584465154904116
0,0,1,1,0,2,0,1,0.34260787758108013
0,0,1,1,0,1,1,1,0.3106244940779591
1,2,1,1,0,0,0,0,0.5567772977804539
1,0,0,0,0,0,0,2,0.27151995094875564
0,0,1,0,2,0,1,1,0.4389587045567265
0,1,0,1,1,2,0,0,0.34401185861324207
0,1,0,1,1,0,1,1,0.30143534824419216
0,0,0,1,0,1,0,2,0.35549818700959723
0,1,1,0,1,0,0,0,0.1778934080751422
0,0,0,2,2,1,1,0,0.4584465154904116
0,0,0,1,0,0,3,2,0.5026668026782596
0,0,1,0,0,2,3,1,0.5245298386984363
1,0,0,0,1,0,1,2,0.3752305136041061
0,0,1,1,0,1,1,2,0.3720789833685736
0,1,0,0,1,1,1,0,0.3309365235502149
0,0,1,0,1,2,2,3,0.5533070087676626
0,0,0,2,1,7,1,1,0.6418435731426935
0,0,0,0,1,4,3,0,0.6615011862094995
0,0,0,1,3,1,1,0,0.5385441052904858
1,1,0,0,1,0,1,2,0.3568573417359678
0,1,0,0,1,0,4,2,0.5432412764625081
1,0,0,0,0,2,3,1,0.49696958407251063
0,0,0,0,0,4,2,4,0.6880645205947835
1,1,0,1,1,2,0,1,0.3658345641437778
0,0,0,0,1,2,2,2,0.6098698681637966
0,0,0,0,1,0,3,1,0.5635146103921757
0,0,1,0,0,1,2,3,0.5035833986430825
0,0,0,0,0,0,3,5,0.6651064777810429
0,0,0,0,0,1,5,0,0.6148745145748439
0,0,0,0,1,2,0,4,0.6197314933330955
0,1,0,0,2,2,0,2,0.4503206187953918
1,0,0,1,0,3,0,2,0.43265035363239807
0,0,0,0,1,2,1,2,0.576291380105024
0,1,0,0,0,1,3,0,0.42264000295712334
1,1,1,0,0,0,0,0,0.43887259078705604
1,0,1,0,0,0,0,1,0.24808225144134932
0,0,0,0,1,4,0,1,0.6047102825445507
1,0,0,1,0,0,4,1,0.4379941517679663
0,0,0,0,0,3,2,2,0.6244476596837778
0,0,1,0,0,4,2,2,0.5974160489369189
0,0,0,1,1,1,3,0,0.4954298928204508
0,1,0,0,1,3,0,3,0.5029360864902078
0,1,0,0,2,1,0,0,0.3845108757143231
0,0,0,0,1,0,3,0,0.5189853815227674
0,0,0,1,2,0,0,0,0.3527920554272584
0,0,1,0,3,0,1,0,0.4676075494106441
0,0,0,0,2,0,0,2,0.4826263227019584
0,0,0,1,2,0,1,2,0.4459978821336307
0,0,0,0,1,2,0,2,0.5349922515622305
0,1,0,0,1,1,0,0,0.2748528103959268
0,0,0,2,1,0,2,0,0.33322661571658974
0,0,0,2,0,0,1,1,0.27151995094875564
0,0,0,0,0,0,1,4,0.576291380105024
0,1,1,0,2,0,1,0,0.34260787758108013
1,1,1,0,2,0,0,0,0.2723429788728862
0,0,2,0,1,1,1,0,0.2723429788728864
0,0,1,1,0,1,2,0,0.33693054676641654
0,0,0,1,1,0,3,0,0.446291521616634
0,0,1,0,3,1,0,0,0.4764120552253457
0,0,1,3,1,0,0,0,0.5004882302831551
0,2,0,1,0,1,0,1,0.31891088239293863
1,0,1,1,0,1,0,1,0.29761348140842964
0,1,0,0,1,1,2,0,0.404644271694358
0,1,3,0,0,1,0,0,0.45524092465514526
0,1,0,1,2,0,0,1,0.34337107494846897
0,0,0,3,1,0,1,0,0.37835607128818793
0,0,2,0,1,2,0,0,0.34401185861324207
0,0,1,1,0,2,1,0,0.35387402628080933
0,0,0,1,1,0,2,0,0.3726257570900393
0,0,1,0,0,3,1,0,0.4552409246551453
0,1,1,0,1,2,0,0,0.33693054676641654
0,1,1,1,0,1,1,0,0.27602229335085693
0,0,1,0,0,1,2,1,0.42840012054269355
0,0,0,2,1,1,1,0,0.2742573807341935
0,0,0,1,1,1,2,0,0.43699548101452923
0,0,1,1,0,0,2,1,0.33693054676641654
0,0,1,1,1,1,0,1,0.2916348980953307
0,0,0,1,0,1,3,0,0.4552409246551453
0,0,0,1,0,2,2,0,0.446291521616634
0,0,0,1,1,0,0,2,0.34337107494846897
0,1,0,1,1,0,0,1,0.2496176232197979
0,0,0,0,2,0,2,1,0.5497881304303012
0,0,1,1,0,0,0,1,0.21321822468340887
1,0,0,0,0,1,1,2,0.38414777631361796
0,0,0,0,2,2,1,2,0.5993878207211714
0,0,0,0,0,0,2,4,0.6098698681637966
0,0,0,0,0,2,1,3,0.5938940752136668
1,0,0,1,0,2,0,3,0.4080000230749763
0,1,0,2,1,0,0,0,0.42080510044477026
0,0,1,2,0,1,1,0,0.35387402628081027
0,0,1,3,1,0,1,0,0.4373539536523714
0,0,0,0,1,3,2,1,0.6290295575493424
0,0,0,0,2,1,0,4,0.6148745145748439
0,0,1,0,0,1,0,2,0.34260787758108013
0,0,1,1,0,4,0,0,0.43120007081257317
2,0,0,0,0,0,1,2,0.33111034020624186
0,0,1,1,1,2,0,1,0.404644271694358
0,0,0,2,2,1,0,1,0.44890563858597377
0,0,0,4,0,1,0,0,0.4848820146487155
0,1,0,0,1,3,0,2,0.5121640056641112
1,0,2,0,0,1,0,0,0.37262575709004214
0,0,1,0,0,3,0,0,0.3958942124923366
1,0,1,1,0,0,0,0,0.4264782731820056
0,0,1,0,1,0,1,1,0.3188474053929769
0,1,0,0,0,3,2,2,0.5472489131413865
1,0,0,0,2,1,1,3,0.491999571831003
0,0,0,1,0,2,1,4,0.5525501627775541
0,0,0,0,1,0,3,3,0.6244476596837778
0,0,0,2,0,0,2,1,0.34401185861324207
0,0,1,1,0,2,2,2,0.45081348226751916
2,0,0,0,0,1,0,1,0.2830011819863744
0,0,0,0,2,1,3,2,0.6501225412742355
0,0,0,1,1,2,2,1,0.5293780353308439
1,0,1,1,0,3,1,1,0.41897470396089365
0,0,0,0,2,1,0,2,0.5271500307719389
0,0,0,1,1,2,3,3,0.5946237156409069
0,0,0,1,0,3,4,3,0.6496949962011415
1,0,0,1,0,1,2,4,0.48839270345600005
0,0,1,1,0,1,2,3,0.4630426335896911
1,0,0,3,1,2,2,6,0.545168611858621
0,0,0,0,3,3,2,5,0.7246963089183059
0,0,1,2,0,3,1,1,0.43993821826470103
0,1,1,1,1,0,0,0,0.18400958075642848
1,0,1,0,0,1,1,3,0.4111066261834396
0,0,0,2,3,1,0,3,0.4707979646307828
0,0,0,0,3,0,0,1,0.5104762220848127
1,0,2,1,1,0,2,0,0.3347845026069213
0,0,0,1,2,1,0,1,0.4738205683365859
0,1,1,0,0,0,0,1,0.2362942723281439
1,0,0,2,0,2,0,0,0.2723429788728862
2,0,0,0,1,0,0,0,0.28967150091859767
0,0,0,0,2,0,2,4,0.6461288786942874
0,0,0,0,0,2,2,3,0.6244476596837778
0,0,0,0,1,1,2,2,0.5823559651290149
1,0,0,0,1,1,1,0,0.32210423855521186
0,1,0,1,1,0,0,0,0.17540717562138675
0,0,1,1,2,3,4,1,0.5928858816059221
0,0,0,0,1,2,2,4,0.6686242444297157
0,0,1,0,0,1,4,2,0.5627413512441672
0,0,1,0,3,2,4,2,0.6449712711319899
0,0,0,0,3,0,1,2,0.576291380105024
1,0,0,1,0,1,2,1,0.3801201626435948
0,0,1,1,2,3,1,1,0.5380143171169723
0,0,0,0,2,1,3,5,0.7050625621593257
0,0,1,0,3,1,1,1,0.5426849511994194
0,0,0,0,0,3,3,4,0.6910533814508935
0,0,0,0,2,4,3,1,0.6968373240533455
0,0,0,0,1,3,0,4,0.6420276057756146
0,0,0,1,0,3,0,1,0.4676075494106441
0,0,0,0,2,2,1,5,0.6850084997247345
0,1,0,0,0,3,3,3,0.57261632966671
0,0,0,0,0,0,4,2,0.6098698681637966
0,0,0,0,0,2,1,5,0.6578046048579284
0,2,0,0,1,1,0,3,0.3983308619538267
0,0,0,2,1,4,0,1,0.5245298386984363
0,0,0,0,0,2,1,6,0.6818822982294922
0,1,0,0,1,0,2,1,0.404644271694358
0,0,0,0,1,4,0,2,0.6290295575493423
1,0,0,0,0,1,0,2,0.32667614738078093
0,0,1,1,1,0,0,0,0.1786045724848046
0,1,0,0,0,2,0,2,0.38392369072286575
1,0,1,0,0,1,1,1,0.31263811926276136
0,0,0,2,0,2,0,1,0.35549818700959723
0,0,0,0,3,0,1,1,0.5497881304303012
0,0,0,0,3,1,0,1,0.5567772977804549
0,1,2,0,0,0,0,0,0.4618204823295077
0,0,1,1,1,0,2,1,0.38414777631361796
0,1,0,2,0,3,0,0,0.34157161067790354
0,1,0,0,3,1,1,0,0.4954298928204508
0,0,1,1,0,0,2,0,0.27151995094875564
0,0,1,0,2,1,1,0,0.4584465154904116
2,0,0,0,0,0,2,0,0.2830011819863745
0,1,0,3,0,1,0,0,0.4676075494106446
1,0,0,1,0,1,1,0,0.2627099161807145
0,0,0,0,1,1,3,1,0.5993878207211714
0,0,1,0,0,0,2,2,0.41379262038782627
0,0,0,0,2,1,2,0,0.5497881304303012
0,0,0,0,2,2,1,0,0.5635146103921757
0,0,0,0,0,4,0,0,0.5349922515622305
0,1,1,1,0,2,3,1,0.4521424044152469
2,0,0,1,1,1,1,3,0.42420861469923277
0,0,0,1,1,2,2,3,0.5676422366186868
0,0,0,0,0,5,1,1,0.6378139655118281
1,0,0,0,1,2,2,0,0.4428680963344088
1,1,0,3,1,0,0,2,0.4104446525614972
0,0,2,1,1,2,1,2,0.418125213393824
1,1,1,0,1,3,0,1,0.4111066261834396
0,0,0,1,0,1,1,4,0.5245298386984363
0,0,0,1,1,1,2,4,0.577079883464072
0,0,1,2,3,1,1,0,0.4777768346224499
0,1,1,1,0,0,2,1,0.3277088648756106
0,1,0,0,0,0,2,1,0.35387402628080933
0,1,0,1,1,4,0,0,0.46459389261648454
1,0,1,1,0,0,2,1,0.3290865414615194
0,1,2,0,0,1,1,1,0.32770886487561063
0,0,1,0,1,1,0,2,0.385387186473459
0,0,0,1,0,1,1,3,0.4777768346224499
0,0,1,0,0,1,2,2,0.4552842446696056
0,0,2,0,0,2,0,1,0.33322661571658974
0,1,0,0,0,2,0,3,0.4428680963344088
0,1,0,1,0,0,2,2,0.37606306075359525
0,0,1,2,1,1,1,1,0.32749921147671923
0,0,1,0,1,1,3,1,0.5184371249911938
0,0,0,0,0,1,2,3,0.5993878207211714
1,3,0,0,0,0,0,1,0.41073789977811614
1,1,0,1,1,12,9,7,0.7685056038743032
0,1,4,1,2,6,8,17,0.7291137261744634
1,0,0,1,2,3,3,4,0.5839342417864837
1,0,0,4,3,8,5,2,0.6771162307101026
0,0,0,3,0,4,3,4,0.5679109802328488
0,2,0,3,1,5,6,6,0.6232664438352683
2,0,1,2,3,7,3,3,0.631997838429323
0,3,0,0,1,1,1,3,0.42420861469923277
0,0,0,0,2,3,3,1,0.672057491212211
0,1,0,1,3,2,1,3,0.5138643479124054
0,1,1,1,0,5,9,6,0.7062940462998293
0,0,0,3,1,6,8,11,0.7437384918651401
0,1,2,3,2,7,3,5,0.6441815492161256
0,1,0,1,2,4,11,9,0.7729007750759759
1,0,0,1,0,5,0,1,0.491999571831003
1,0,0,2,0,3,2,4,0.5136980920873385
1,0,1,1,4,2,5,6,0.6320494542202253
0,0,2,2,6,6,7,11,0.7324688228020872
0,0,0,0,2,0,3,1,0.5938940752136669
0,0,0,3,2,6,6,5,0.7084366651957001
2,1,2,0,0,1,0,0,0.4801991960550517
1,1,0,1,0,4,4,5,0.5830393082179014
1,0,0,0,1,7,2,5,0.6961508601925772
3,2,4,5,5,6,4,5,0.6171888702502893
2,0,4,6,5,8,3,6,0.6464422456145569
0,0,1,1,3,5,4,10,0.7275348104177741
2,1,0,4,6,6,4,4,0.6543746858235062
0,1,0,0,0,1,1,6,0.5683603578897607
0,0,0,2,0,5,6,2,0.6678406214009229
0,1,0,0,0,2,2,4,0.5550053647429513
2,0,0,1,2,4,6,4,0.6407112393819685
0,0,0,1,1,0,1,3,0.47022369097568684
0,0,0,2,0,0,0,2,0.27106132614618617
0,0,0,1,0,3,0,3,0.5057020066660665
0,0,0,0,0,1,4,1,0.6098698681637966
0,0,1,0,0,2,2,0,0.42840012054269355
0,0,0,0,0,2,0,3,0.5567772977804549
2,0,0,2,1,7,8,5,0.6844746630453183
1,0,0,1,4,3,3,6,0.6433330798740229
0,0,1,3,0,5,4,4,0.627884094315073
1,0,0,0,2,2,3,0,0.5199331049624815
0,0,2,1,1,1,3,0,0.4145487120348501
0,0,1,1,0,2,1,2,0.41044465256149726
0,0,1,0,4,1,5,6,0.6982044344009811
0,0,0,2,3,0,1,0,0.4676075494106441
0,2,1,0,1,1,0,1,0.32908654146151917
1,0,0,4,1,7,7,8,0.6737201344110004
5,1,0,1,4,2,0,8,0.5560536341461444
0,0,0,1,2,0,2,2,0.49217488823676037
0,0,0,0,1,2,2,0,0.5567772977804549
0,0,0,2,1,1,4,1,0.5305681390059613
0,0,0,0,0,1,1,4,0.6047102825445507
1,0,1,0,1,0,0,0,0.18400958075642845
0,0,2,2,0,3,3,4,0.5256274948364416
0,0,0,0,0,3,3,0,0.6047102825445507
1,1,1,2,3,4,2,2,0.5551431252780241
0,0,0,1,0,5,6,5,0.7371134845741452
0,0,0,1,1,1,3,2,0.5690140160350678
1,1,0,0,1,2,1,2,0.42040334151455955
0,0,1,0,2,0,0,3,0.43948591122915437
0,0,0,1,1,3,1,0,0.5228561038715158
0,0,0,0,2,3,2,1,0.6540130304366454
0,0,1,2,0,1,1,1,0.3290640213847232
0,2,0,2,1,3,2,3,0.4893852834800581
0,1,2,2,2,4,0,1,0.4747907627485657
0,0,0,1,1,1,1,2,0.4543477267305534
1,0,0,2,1,1,0,0,0.36020579992191853
0,0,0,3,0,0,0,0,0.47247041266788614
0,1,0,0,0,1,0,2,0.33322661571658974
0,0,2,0,1,0,0,0,0.32544880876155563
1,0,0,1,0,0,1,3,0.380438326226523
0,0,1,1,1,1,0,0,0.2661852183737698
0,0,0,2,0,1,1,0,0.27999438971650814
0,1,0,0,1,0,2,0,0.34260787758108013
0,0,0,1,0,1,4,3,0.6059611202577387
0,0,0,1,2,1,1,1,0.5165887372341387
0,1,0,2,1,3,0,2,0.4646457191153762
0,0,0,1,0,0,4,0,0.4638633850673116
0,0,0,0,3,1,1,1,0.5882200265716816
0,0,1,2,0,1,0,2,0.32206533543122606
0,0,0,0,0,1,3,3,0.6290295575493423
0,0,0,1,2,2,1,2,0.5184371249911938
1,0,0,1,1,2,1,1,0.43265035363239807
1,0,0,1,1,2,0,1,0.38414777631361796
0,0,0,0,0,4,2,0,0.6098698681637966
0,0,1,0,1,3,1,2,0.5638241763029819
0,1,0,1,0,1,1,1,0.3102153477593742
0,0,1,0,2,2,0,2,0.4628198692555663
0,1,1,0,1,1,1,1,0.3429490227984129
0,0,0,1,0,2,1,2,0.46241835010669596
1,0,0,0,1,0,1,1,0.3053559231788223
0,0,1,0,0,1,2,0,0.36715201879280523
0,0,1,1,1,0,1,1,0.3011868702889062
0,0,1,0,0,2,2,1,0.4777768346224499
0,0,0,1,2,1,2,1,0.523013576951455
0,0,2,0,0,1,1,0,0.27151995094875564
1,1,1,2,3,6,2,3,0.6073375873763562
1,0,0,0,1,5,4,5,0.6675166613883663
0,0,1,1,1,1,3,1,0.4799919401434075
0,0,1,0,3,4,6,5,0.7405553063045103
0,1,0,0,2,5,2,3,0.6652581018732553
1,0,0,0,1,2,0,0,0.35387402628080933
1,0,0,1,1,3,1,0,0.44709546736224426
0,0,1,2,1,0,1,1,0.3320922133070299
1,0,1,1,0,2,0,1,0.3189108823929385
0,0,1,1,0,4,1,5,0.5710824761540901
0,0,0,0,3,3,4,5,0.7491645288683983
0,2,2,2,5,4,0,1,0.5576325854498534
0,0,1,1,3,2,2,5,0.5985223480975509
0,0,0,2,2,2,2,3,0.5388924751583025
0,0,0,1,0,6,2,2,0.6651819747500817
0,2,0,0,1,1,2,0,0.3683555679608796
1,0,0,0,0,1,2,0,0.34401185861324207
0,0,0,0,1,3,1,1,0.5993878207211714
1,0,0,1,1,5,2,4,0.628600707214751
0,0,0,0,1,5,3,1,0.6996371296670549
0,2,0,0,0,1,2,4,0.48311879807341696
0,0,0,1,0,6,5,4,0.7318281983745771
0,0,0,2,0,1,0,1,0.2742573807341935
0,1,2,1,2,2,3,2,0.5101847132553173
1,0,1,2,1,5,2,3,0.5744838077227092
1,0,0,4,2,2,1,3,0.4071713706145621
0,0,0,1,0,2,4,8,0.7031622774565979
0,1,1,1,1,3,6,5,0.6460254276312898
0,0,1,0,1,1,3,5,0.6154860619669057
1,0,1,1,3,3,2,2,0.5634239090532978
1,0,1,0,1,2,0,0,0.3320922133070305
0,0,0,0,0,3,2,4,0.672057491212211
0,1,1,1,0,0,0,0,0.43887259078705604
0,0,1,0,0,3,5,3,0.6568913989329479
0,0,0,1,0,5,3,2,0.6620825712096179
0,0,0,0,0,2,5,3,0.7023781709207498
0,1,0,0,0,1,1,4,0.49696958407251063
0,0,0,0,0,1,0,5,0.6098698681637966
0,0,0,1,3,2,0,2,0.5924419520105519
0,1,1,0,1,1,3,1,0.4630426335896911
0,0,1,1,0,6,2,2,0.6223550326637088
0,0,0,1,1,2,2,0,0.48794522815395275
0,0,1,1,3,1,1,0,0.4954298928204508
0,1,0,0,2,4,3,4,0.641729490770846
0,0,0,2,1,3,2,1,0.5525501627775541
0,1,0,2,1,2,3,1,0.4833878751892019
1,0,0,0,0,2,1,0,0.35387402628080933
0,0,0,2,1,2,1,0,0.42840012054269355
0,1,0,0,0,2,3,2,0.5432412764625081
1,0,0,1,1,2,0,2,0.38753547489494466
1,0,0,2,0,1,0,0,0.3820442449081951
0,1,1,0,0,2,0,1,0.32667614738078093
0,1,0,0,1,2,1,0,0.42840012054269355
0,1,0,1,0,0,0,3,0.33596153998454137
0,0,0,1,0,2,2,1,0.4954298928204508
0,0,2,0,1,2,1,0,0.40207602292707434
1,0,0,2,1,1,0,1,0.3161496788699859
1,0,0,1,2,1,1,0,0.404644271694358
0,0,2,0,0,1,0,0,0.30444642197766747
0,0,1,1,2,1,0,0,0.3845108757143231
0,2,1,0,1,0,0,1,0.3290640213847232
0,0,0,2,0,0,2,0,0.2742573807341936
1,0,0,1,0,0,1,2,0.3271205943948374
1,2,0,0,0,0,0,0,0.4618204823295077
0,0,0,1,0,3,4,0,0.5789808647812122
0,0,0,0,1,2,3,1,0.6290295575493423
0,0,1,1,3,1,0,0,0.4552409246551453
0,0,0,1,0,0,3,0,0.3958942124923366
0,0,2,1,0,0,1,1,0.3290640213847232
0,0,1,0,0,3,1,1,0.4954298928204508
0,0,1,2,1,0,1,0,0.3671520187928035
0,1,0,1,0,2,0,1,0.33322661571658974
1,0,1,2,1,1,0,0,0.4273315715291964
0,0,0,0,0,3,2,1,0.5993878207211714
0,0,1,1,0,3,0,0,0.3647492034585932
0,0,0,1,1,2,0,2,0.4459978821336307
0,0,1,2,0,2,5,6,0.6093607954202978
0,0,0,0,1,4,4,4,0.7291490170145998
0,0,0,0,1,5,3,2,0.7127923559403756
0,1,2,1,8,3,0,1,0.6334975174493247
0,0,0,0,0,3,2,3,0.6461288786942874
0,0,0,0,1,4,5,4,0.7527726990782329
0,0,0,0,2,2,3,2,0.672057491212211
0,0,0,0,2,2,5,4,0.7395947318463927
0,0,0,0,1,2,4,8,0.7629241253512808
0,0,0,0,1,1,3,3,0.6461288786942874
0,0,2,1,2,5,4,5,0.6283602083437645
0,0,0,0,0,2,7,3,0.7355284911972784
1,0,0,0,4,2,3,5,0.6453244887094797
0,1,0,2,1,4,5,7,0.651613609000365
0,0,0,0,1,1,4,6,0.7269434068484636
0,1,0,1,2,1,3,6,0.603216176067352
0,1,2,3,3,9,1,1,0.6189962119393524
0,0,0,0,1,3,3,8,0.7612982684612548
0,0,2,2,0,7,3,1,0.6002053002354182
0,0,0,0,2,5,5,7,0.7884389699356917
0,0,0,2,2,6,3,1,0.6731790781166762
0,0,0,1,1,3,0,4,0.5676422366186868
0,0,0,2,0,3,3,5,0.6038176865460607
0,1,0,0,0,0,0,4,0.4191379264545705
0,0,1,2,2,4,1,2,0.5699710580741006
0,0,0,1,0,8,1,6,0.731828198374577
0,0,0,2,1,3,2,6,0.6192928788623328
0,1,0,0,1,5,2,1,0.6143746713540286
0,0,1,1,1,5,2,2,0.6189552759636658
0,0,3,2,2,1,3,2,0.48139677799491876
0,0,1,2,1,1,3,4,0.5222886939957977
0,0,0,1,2,4,3,0,0.6455438700443523
0,0,0,1,2,2,2,1,0.5584887185768168
0,0,0,0,0,2,3,6,0.7152667825618957
0,0,0,1,0,1,2,5,0.5903939228121322
0,0,0,0,1,3,2,0,0.6047102825445507
0,0,1,0,0,1,3,2,0.5245298386984363
0,0,0,1,0,4,2,3,0.6346944240036754
1,0,1,1,1,1,1,1,0.3481146725969302
0,0,0,0,1,2,2,3,0.6420276057756146
0,0,0,1,2,2,1,1,0.5488769172455867
0,1,0,1,0,2,1,0,0.34401185861324207
1,0,1,0,0,0,1,0,0.22461138406780376
0,0,0,3,0,0,1,0,0.3958942124923366
0,1,0,0,1,1,1,2,0.42728628720850237
1,1,1,0,0,1,1,1,0.33416355047405616
0,0,0,2,0,2,1,1,0.4191195520029985
0,0,0,0,1,0,0,5,0.6047102825445507
0,0,0,0,3,2,1,1,0.6197314933330955
0,0,1,1,1,0,2,2,0.41044465256149726
0,1,0,3,0,3,0,0,0.33596153998454137
0,0,1,1,0,1,2,1,0.39281449731477314
0,1,0,1,2,1,1,1,0.45434772673055335
0,0,0,1,1,1,0,2,0.3995055779220028
0,1,0,1,0,2,0,3,0.41221102655009384
0,0,0,1,2,0,2,0,0.42733157152919266
0,0,0,1,1,3,0,1,0.5157903871129694
0,1,1,0,2,0,2,0,0.3638495371173117
1,0,0,0,0,0,2,0,0.2742573807341936
1,0,0,2,0,0,0,1,0.3433710749484683
1,0,0,1,2,2,0,2,0.4145487120348501
0,1,1,2,2,2,1,1,0.44532722922346507
0,0,1,0,1,4,2,1,0.6017410835090783
0,0,1,0,2,2,2,1,0.5418027563584543
1,0,0,0,2,1,3,3,0.5530321124444563
0,0,1,1,3,4,2,1,0.6189552759636657
0,0,0,1,0,4,3,1,0.6189784286608847
1,0,0,0,1,0,2,3,0.47375372165990814
0,1,0,1,0,6,3,3,0.6445455211893178
0,0,1,0,0,1,5,3,0.618067503372392
0,1,2,5,2,4,0,0,0.5273811589548605
0,0,0,1,0,2,3,3,0.577079883464072
0,0,1,3,0,3,1,1,0.4245497053228373
0,0,1,0,1,4,2,4,0.6223550326637091
0,1,0,2,1,4,0,1,0.4768008406164919
0,0,0,1,3,0,0,1,0.4830800180545256
0,0,1,2,1,1,1,0,0.3440118586132427
0,0,0,2,0,1,1,1,0.2723429788728864
0,1,0,1,2,1,0,1,0.4094943609047923
0,0,0,2,1,4,1,2,0.5816259160686407
0,1,1,0,0,1,1,0,0.2627099161807145
0,0,0,0,3,2,2,2,0.6578046048579284
0,1,1,0,1,0,3,2,0.4630426335896911
0,1,0,1,1,1,1,1,0.34428609460798787
0,0,0,1,1,3,3,1,0.5974160489369189
0,0,1,1,3,3,0,1,0.5380143171169723
1,1,0,0,1,3,2,1,0.4965308543310892
0,1,0,0,3,0,0,1,0.4369954810145291
0,0,0,3,1,3,1,1,0.4908426115293526
0,0,2,1,1,3,1,0,0.43844633134076993
1,2,0,1,3,1,1,1,0.43942571289603327
0,1,1,0,1,0,1,3,0.4080000230749763
0,0,0,0,2,1,3,0,0.5938940752136668
0,0,0,0,0,4,1,1,0.6047102825445507
0,0,0,2,0,0,1,3,0.39375882007633267
0,0,0,0,0,3,3,1,0.6334831096612124
0,0,0,0,0,0,2,5,0.6420276057756146
1,0,1,0,3,1,0,1,0.4428680963344088
1,0,0,0,1,0,0,2,0.31614967886998624
0,1,0,0,1,0,3,0,0.41379262038782627
0,0,0,1,0,2,0,2,0.4094943609047923
0,0,0,0,0,1,5,2,0.6651064777810429
0,0,1,0,0,0,4,0,0.4459978821336307
1,1,0,0,1,1,0,0,0.2627099161807145
0,1,0,0,0,2,1,2,0.4351931142135137
0,0,0,0,0,6,0,0,0.6197314933330955
0,2,1,0,0,1,2,0,0.33111034020624186
0,0,0,2,0,3,0,1,0.42840012054269355
0,0,0,0,3,0,1,0,0.5189853815227674
0,0,0,0,0,1,0,4,0.5700149603090819
0,1,1,1,2,0,0,0,0.2742573807341936
1,1,0,1,0,1,0,0,0.23629427232814387
0,0,0,0,0,4,0,1,0.5700149603090819
0,0,1,0,1,2,1,1,0.48794522815395275
0,0,1,3,0,2,0,2,0.3782710319711583
1,0,0,1,1,1,0,2,0.35070109541513095
0,1,0,4,3,1,0,3,0.4096363597941127
0,0,1,2,0,3,0,4,0.46888942395871186
2,0,1,0,1,2,1,0,0.37034327983800625
0,0,0,2,2,0,2,4,0.5249075686066044
1,0,1,0,1,0,1,1,0.30510091060787436
0,0,1,2,2,2,4,1,0.5441513306636883
0,0,0,0,1,3,2,2,0.6501225412742355
1,0,0,0,1,1,1,3,0.46735118869697784
0,0,0,4,1,3,1,2,0.38438547879883145
0,0,0,1,2,1,2,4,0.5946237156409069
0,1,0,1,1,1,0,1,0.2926018510029525
0,2,2,3,2,2,1,0,0.4912610267476769
0,1,0,1,0,3,3,2,0.5388924751583025
0,0,2,2,0,3,0,0,0.33596153998454137
0,0,1,0,2,3,2,4,0.6189552759636658
0,0,0,1,1,2,4,3,0.6464726864604914
1,0,2,0,0,1,1,0,0.32667614738078116
0,2,2,1,0,1,1,0,0.4399382182647009
0,1,0,2,0,1,1,0,0.34260787758108086
0,1,2,0,3,2,0,0,0.44709546736224426
0,1,0,1,1,3,0,1,0.4503206187953918
0,1,0,1,0,1,0,3,0.37606306075359525
0,1,0,2,3,0,0,1,0.4046442716943579
1,1,1,0,0,3,0,1,0.3713502776151132
0,0,0,3,1,1,0,2,0.33508480757593784
0,2,0,0,2,2,0,1,0.4243148756422562
0,0,0,2,1,1,1,3,0.45834015619588825
1,1,0,0,0,0,1,1,0.2818167328533096
0,0,0,1,2,0,0,3,0.4543477267305534
0,0,0,0,0,1,4,2,0.6378139655118281
0,0,0,0,1,3,3,1,0.6540130304366455
0,0,0,0,1,1,1,4,0.6244476596837778
0,1,0,0,1,2,2,1,0.4972737962729886
0,0,0,0,1,0,4,0,0.5700149603090819
0,0,0,2,1,1,0,1,0.27151995094875564
0,0,0,1,0,1,3,1,0.5026668026782596
0,0,1,2,1,0,0,0,0.4324195229319811
0,1,1,1,1,1,0,2,0.3520791399592773
0,0,2,0,1,2,3,1,0.5047562876621527
0,0,0,0,2,2,4,2,0.6939769151020267
0,0,0,1,0,0,3,1,0.4552409246551453
0,0,0,0,1,1,0,4,0.5938940752136668
0,0,0,2,0,1,3,0,0.410737899778116
1,0,0,1,1,6,0,2,0.5779208628285055
1,0,0,2,1,2,0,0,0.32906402138472357
1,0,0,0,0,2,2,1,0.4503206187953918
0,2,0,0,0,0,1,0,0.27999438971650814
0,0,0,2,1,0,0,2,0.31247960847067335
0,1,0,0,2,1,0,1,0.42733157152919266
0,1,0,2,1,1,0,0,0.37262575709004214
0,0,1,1,1,0,0,2,0.3106244940779591
0,1,0,2,0,1,0,0,0.3945040242020706
0,0,0,1,2,0,1,1,0.4641560071541424
1,1,1,0,0,2,0,0,0.2830011819863745
0,0,1,0,2,1,2,0,0.46241835010669596
0,0,0,1,1,0,2,2,0.46241835010669596
0,0,1,0,1,1,3,0,0.4777768346224499
0,0,0,2,0,2,1,0,0.36715201879280523
0,0,1,1,0,2,0,2,0.3638495371173117
0,0,0,1,1,0,1,4,0.5184371249911938
0,0,1,0,1,1,1,3,0.4907817489473826
0,0,2,1,0,1,2,0,0.3271205943948374
0,0,0,1,3,1,0,2,0.558286807591934
0,0,0,2,0,0,2,3,0.43844633134076993
0,0,0,1,0,0,0,5,0.49904215190835044
1,0,0,1,0,0,3,2,0.4313525665366911
0,0,0,3,0,3,0,2,0.4428680963344088
0,1,0,1,0,1,1,2,0.36835556796087965
1,0,0,0,1,4,0,1,0.5097183133176895
0,0,0,2,3,0,0,0,0.41773140952389143
1,0,0,0,0,1,3,1,0.45755963131993105
1,2,1,0,0,1,0,1,0.37606306075359497
0,0,0,3,0,1,0,0,0.4177314095238953
0,0,0,0,0,3,3,3,0.6686242444297157
0,0,1,1,2,2,0,1,0.45528424466960565
0,0,1,0,0,0,2,3,0.4701275739762567
0,1,1,0,1,1,2,2,0.43339947612754826
0,1,2,2,1,0,1,0,0.47022369097568706
0,0,0,0,1,3,0,1,0.5635146103921757
0,0,1,2,0,2,0,0,0.27151995094875564
0,1,0,0,2,1,2,2,0.49696958407251063
0,1,0,0,1,1,0,3,0.4351931142135137
0,1,0,0,3,2,0,0,0.5026668026782596
0,1,0,0,0,1,1,2,0.3931413150793153
1,0,0,1,0,2,0,0,0.27151995094875564
1,0,0,1,0,1,1,1,0.31096247551204614
1,0,0,1,0,1,0,2,0.3190727021920492
1,0,0,2,0,0,1,2,0.3336639113396769
0,1,0,2,0,0,1,2,0.33111034020624186
0,0,0,3,0,1,0,2,0.33596153998454137
3,0,0,0,0,3,0,0,0.33978773812672275
1,0,0,1,1,2,1,0,0.39281449731477314
0,0,0,0,0,3,4,2,0.6818822982294922
0,0,0,0,0,2,4,0,0.6098698681637966
0,1,0,0,0,1,2,2,0.4428680963344088
0,1,0,0,1,2,1,1,0.47022369097568684
0,0,2,1,0,1,0,0,0.3845108757143234
0,1,0,1,0,0,1,2,0.3274992114767191
0,1,0,1,2,0,0,0,0.2896715009185971
0,1,3,0,1,0,0,0,0.47641205522534746
0,0,0,1,1,0,2,1,0.43699548101452923
0,2,1,1,0,0,0,0,0.510476222084813
0,0,0,0,3,0,0,2,0.5425321466223583
1,0,0,0,0,0,1,3,0.4012375472562576
0,0,0,3,0,2,0,0,0.37835607128818793
0,0,0,0,1,0,0,4,0.5635146103921757
1,0,0,0,1,1,1,1,0.3566172068638186
0,0,0,1,1,2,1,2,0.49217488823676037
1,0,0,0,0,1,2,1,0.40207602292707434
1,0,0,0,0,4,1,1,0.5097183133176895
0,0,0,0,1,4,2,1,0.6578046048579284
0,0,1,0,1,1,5,3,0.6353967967819357
0,1,0,0,0,1,1,3,0.4503206187953918
0,1,1,2,3,0,1,1,0.42512137478889356
0,0,0,2,0,4,1,2,0.5525501627775542
0,0,0,0,3,2,1,3,0.6501225412742355
0,0,1,1,1,1,3,0,0.43993821826470103
1,0,0,2,1,3,0,1,0.4245497053228373
0,0,0,2,2,0,1,2,0.40170297679014744
0,0,0,0,0,1,3,5,0.6818822982294922
0,1,0,0,2,2,3,3,0.5848419350643725
0,0,0,0,1,3,1,2,0.6244476596837778
1,0,1,3,1,5,0,2,0.5014231697059128
0,0,1,0,2,1,1,2,0.4701275739762567
1,0,0,1,1,0,1,1,0.30281719943470997
0,0,1,0,0,2,2,3,0.5326510206756883
0,0,0,1,0,1,4,1,0.5473533798169579
0,1,0,0,2,0,4,1,0.5380143171169725
0,0,1,1,0,2,2,0,0.39281449731477314
1,0,0,1,1,0,1,2,0.358331452857333
1,0,0,0,1,3,0,2,0.4972737962729885
1,0,1,0,1,1,4,3,0.5481521368722758
0,0,1,2,0,2,0,1,0.32667614738078093
0,0,0,0,3,2,0,1,0.5938940752136668
0,1,0,1,1,1,2,0,0.37724539040922317
0,0,0,1,2,1,1,3,0.5304500836352575
0,0,1,0,0,0,3,6,0.6083301149957567
0,0,0,1,3,1,4,3,0.6589745385771557
1,0,0,0,1,2,1,2,0.4540288873850171
1,0,0,2,1,3,1,2,0.4912610267476774
1,0,0,1,0,1,0,1,0.2632533503472418
0,1,1,0,1,1,2,1,0.41758183010115946
0,1,0,0,0,2,1,3,0.4845485740644687
1,1,0,1,0,2,1,0,0.3271205943948374
0,1,0,1,0,0,1,1,0.26626045658174513
1,0,0,0,0,1,1,4,0.48607200141667184
1,1,0,0,1,2,0,1,0.3720789833685736
0,0,1,1,2,4,1,2,0.5930789581900512
1,1,0,1,0,0,0,1,0.3053559231788222
0,1,0,0,0,1,2,3,0.4908426115293526
0,0,0,2,0,1,2,2,0.4243148756422562
1,2,0,1,1,2,0,1,0.36430733430114287
0,0,0,0,1,3,2,3,0.6615011862094995
0,0,0,0,2,0,3,2,0.6244476596837778
0,0,2,0,0,0,0,1,0.27999438971650814
0,0,0,1,0,5,5,2,0.6862685090182761
0,0,1,1,1,0,1,2,0.3638495371173117
0,0,0,1,4,2,4,2,0.6732653676732477
0,0,0,3,0,3,0,1,0.40207602292707434
1,0,1,1,4,2,1,0,0.5195360702502348
0,1,1,1,0,2,0,0,0.2723429788728862
1,0,0,2,0,3,2,2,0.4912610267476774
0,0,0,1,0,3,2,2,0.5823111571558282
1,0,0,0,2,3,0,1,0.5035833986430825
0,2,2,2,4,0,1,1,0.44098405083506087
0,0,1,0,1,4,2,2,0.6218707090142661
1,1,0,0,3,1,4,2,0.5565866471912079
0,0,0,0,1,1,3,6,0.7127923559403756
0,0,1,0,2,0,2,0,0.4094943609047923
0,0,2,1,2,1,5,5,0.593420620071557
0,0,0,1,0,2,4,1,0.5789808647812122
1,0,0,0,2,0,2,2,0.4540288873850171
0,1,0,0,2,6,4,4,0.7187566369143806
0,0,0,0,1,2,4,2,0.6786836335469731
0,0,2,4,2,5,1,2,0.5472098255505914
0,0,0,0,1,3,3,2,0.6754096519386883
0,0,1,3,0,3,2,1,0.4630426335896911
0,0,1,0,2,3,2,2,0.6180318779653118
0,0,1,0,2,0,1,4,0.5271458120998692
0,1,0,3,2,1,1,2,0.37036343556702955
0,1,0,0,0,0,1,3,0.410737899778116
1,1,0,2,1,2,2,0,0.3992469366663998
0,0,0,2,2,0,1,0,0.39450402420207353
0,0,2,1,2,1,2,0,0.4013158875210225
0,0,0,1,0,1,2,3,0.5184371249911938
0,0,0,2,1,0,1,1,0.2710613261461863
0,0,0,1,1,6,1,1,0.6489986930125693
0,1,1,0,0,1,2,0,0.32906402138472357
0,1,0,2,2,2,0,1,0.4243148756422562
0,0,1,0,1,2,1,0,0.446291521616634
0,0,0,0,2,3,0,1,0.5993878207211714
1,0,0,0,1,1,2,1,0.4428680963344088
0,0,2,0,0,0,1,1,0.2723429788728864
0,0,1,1,0,0,0,2,0.2723429788728862
0,0,1,2,0,0,1,0,0.3845108757143234
0,0,0,0,0,4,1,0,0.576291380105024
0,1,0,1,1,0,1,0,0.24982482197429007
0,0,0,0,0,0,3,4,0.637813965511828
0,0,0,0,1,0,1,6,0.6615011862094995
1,0,0,0,0,1,2,3,0.4799919401434075
0,0,0,2,1,2,0,2,0.40170297679014744
0,0,0,1,0,3,2,1,0.5548773161010918
1,0,0,1,0,3,0,1,0.39281449731477314
0,0,0,3,1,4,0,1,0.4969695840725107
0,0,0,1,1,3,1,2,0.5823111571558282
0,0,0,0,2,2,2,3,0.6578046048579284
1,0,1,0,0,1,1,2,0.3643168865067724
0,0,0,0,0,2,3,1,0.6047102825445507
0,0,2,0,1,0,0,1,0.27151995094875564
0,0,1,0,1,0,2,4,0.5380143171169723
0,0,0,0,3,3,1,1,0.6540130304366454
0,0,0,0,1,2,0,3,0.5823559651290149
0,1,0,1,0,0,1,3,0.38361029386801837
1,0,0,1,0,0,3,0,0.3380355520856748
0,1,0,1,0,2,0,2,0.3604884927789568
0,1,0,0,2,0,2,0,0.3951806591939833
0,0,1,1,0,0,0,3,0.3380355520856748
1,0,1,0,0,0,1,1,0.27602229335085693
0,0,1,0,1,0,2,1,0.4191195520029985
0,0,0,1,1,2,1,0,0.4676075494106441
1,0,2,0,0,0,0,0,0.45063627434468884
1,0,0,1,1,1,0,1,0.2946728024756212
0,2,0,1,0,1,0,0,0.3554981870095976
0,0,0,1,1,0,0,4,0.4777768346224499
0,0,0,2,2,0,0,1,0.3820442449081958
0,1,2,1,0,0,0,0,0.5189853815227677
0,0,1,0,0,1,3,0,0.43735395365237295
1,1,0,0,0,0,0,2,0.28802015788405644
0,0,0,2,0,0,0,3,0.34157161067790354
0,0,0,2,1,4,2,1,0.5860625466481006
0,0,0,1,1,3,1,1,0.5548773161010918
0,1,1,1,1,0,2,0,0.32018385408827643
1,0,0,0,1,1,3,0,0.4503206187953918
1,0,0,2,0,4,1,5,0.5358760960651368
0,0,0,0,1,5,1,1,0.6615011862094995
0,0,0,0,1,5,5,6,0.7736391040797992
0,0,1,3,2,2,1,2,0.3778843402874701
0,1,2,2,5,3,0,1,0.5557596987426268
0,0,0,2,0,1,5,4,0.6139466217756075
0,1,0,1,0,4,1,2,0.5253167506042258
0,0,0,1,3,1,5,1,0.6431822188103702
1,1,1,2,1,3,0,2,0.4308445895236584
1,0,0,0,3,2,3,2,0.5963144755773784
1,0,0,4,3,3,1,1,0.40469698847502755
0,0,0,0,0,4,6,4,0.7562648899641399
0,0,1,2,4,2,5,2,0.6203102299312117
1,2,1,1,1,5,1,2,0.5117240021894198
0,0,0,1,3,1,2,2,0.6120182610536429
1,0,0,2,2,4,1,2,0.551741562747808
0,0,1,0,1,3,3,1,0.5816259160686407
0,0,0,1,0,7,3,0,0.6741037520844084
0,0,0,0,1,4,5,1,0.7152667825618957
0,0,0,2,1,1,1,2,0.40943422434354004
0,1,0,0,2,2,2,5,0.6139466217756074
0,1,2,0,0,0,1,0,0.3671520187928035
0,0,0,1,1,4,2,1,0.6189784286608848
0,0,0,1,1,3,0,2,0.5488769172455867
0,0,0,3,2,1,1,0,0.34690978309327336
0,0,1,1,1,1,1,0,0.31614967886998635
0,0,0,0,0,1,6,1,0.6686242444297157
1,0,0,3,1,1,0,1,0.38414777631361824
0,0,0,3,1,1,0,0,0.3958942124923366
1,0,0,0,0,0,0,4,0.4094247489680173
0,0,0,0,1,0,3,2,0.5993878207211714
0,0,0,1,0,0,2,4,0.5304500836352575
0,0,0,0,2,3,3,2,0.6910533814508935
0,0,3,0,4,1,2,0,0.5253167506042258
1,0,1,1,1,4,0,2,0.4894553425706255
0,0,1,0,1,3,2,4,0.6046387660545505
0,1,1,2,1,1,2,1,0.3997376751741103
0,0,1,0,0,1,5,0,0.536205362459016
0,0,0,1,2,1,3,1,0.5638241763029818
0,0,0,1,1,0,3,2,0.5355502292714347
1,0,0,0,0,1,5,1,0.5406938823497048
0,0,1,1,1,3,2,1,0.5380143171169723
0,0,0,1,2,2,0,1,0.5084751420769149
0,0,0,0,1,1,0,3,0.5497881304303012
1,1,0,0,0,1,1,1,0.3150596022149488
0,0,0,1,0,2,0,3,0.47022369097568684
0,1,1,0,0,1,0,3,0.37320649204459544
0,1,0,0,0,1,3,1,0.4701275739762567
1,0,0,0,1,1,0,3,0.42512137478889345
0,0,0,1,1,1,2,1,0.48794522815395275
1,2,0,0,0,1,0,0,0.3671520187928035
1,0,0,1,0,0,2,0,0.2723429788728862
0,0,0,0,0,0,4,0,0.5349922515622305
1,0,0,2,0,1,1,0,0.3309365235502144
0,1,0,0,1,2,0,1,0.4191195520029985
0,0,1,2,0,0,0,0,0.4618204823295077
0,0,1,0,1,0,0,2,0.3309365235502149
0,1,1,1,0,0,0,1,0.28301760810570165
0,0,1,0,0,2,0,1,0.3726257570900393
1,0,0,1,0,0,0,1,0.2362942723281439
0,2,1,0,0,0,0,0,0.4618204823295077
0,0,0,2,1,2,1,3,0.4883813451454728
0,0,0,1,0,4,1,1,0.5606954571754138
0,0,0,0,2,4,2,1,0.6786836335469731
0,0,1,0,1,2,5,4,0.6705859586157603
0,0,0,0,2,1,3,3,0.6615011862094995
0,1,0,0,0,1,1,5,0.5356922940474089
0,2,1,2,3,0,0,1,0.36835556796087965
0,0,0,2,0,4,2,3,0.6027938499762587
0,1,0,0,1,2,1,2,0.46459389261648454
0,0,0,0,4,1,2,3,0.6754096519386883
0,0,2,1,1,2,1,0,0.38560925527852097
1,0,0,2,1,3,2,2,0.5212307820438147
0,0,0,0,0,2,2,7,0.7176930315229451
0,1,0,0,1,4,3,5,0.650032497186087
0,0,0,0,2,4,2,2,0.6939769151020267
1,0,2,3,2,4,2,2,0.5320402118806595
0,0,1,0,2,2,1,3,0.5432412764625081
1,0,0,2,1,0,0,3,0.36430733430114287
0,0,1,0,0,4,2,3,0.6180318779653118
0,0,0,0,0,3,1,3,0.6197314933330955
0,0,0,0,0,2,3,2,0.6334831096612124
0,1,0,0,2,1,4,2,0.5930789581900512
0,0,2,1,1,3,2,0,0.47680084061649186
1,0,0,0,0,2,3,0,0.45755963131993105
1,0,0,0,0,2,0,3,0.43265035363239807
0,1,0,0,0,1,4,3,0.5764247221725081
1,0,0,0,1,2,2,1,0.4845485740644687
0,0,0,0,0,1,4,0,0.576291380105024
0,1,0,0,1,0,1,2,0.38392369072286575
1,0,1,0,0,2,1,2,0.3983308619538266
0,0,0,2,0,2,2,0,0.40207602292707434
0,0,0,2,2,2,0,1,0.47022369097568684
1,0,1,0,0,1,1,0,0.26626045658174513
0,0,1,0,0,0,1,3,0.42264000295712334
1,0,0,2,1,1,1,0,0.3221042385552121
0,1,1,0,3,0,0,1,0.4046442716943579
1,0,0,1,0,0,0,2,0.2785842168039779
1,0,0,1,0,0,2,3,0.4209634971264463
0,1,0,0,1,2,0,0,0.36715201879280523
1,0,1,0,0,1,0,1,0.26939398553451543
0,1,1,0,0,0,1,1,0.27077656250992416
0,2,0,0,2,0,1,0,0.33322661571658974
0,1,1,0,0,0,2,0,0.2723429788728862
